,custom_id,response,filename,sentence_count,outcome
0,request-1,"The original poster presents a critical view based on personal experience, which prompts Speaker1 to pose a clarifying question. After a brief exchange to correct a misunderstanding, Speaker2 enters to help redirect the question, leading to a more focused discussion. Speaker1 then challenges the poster's position using an analogy, which the poster rebuts by pointing out its limitations. Speaker1 persists with a modified analogy, maintaining pressure through rhetorical questioning while the tone remains relatively civil despite the underlying disagreement.",1062071645.0_1_delta_threads.xml,4,1
1,request-2,"The conversation begins with Speaker1 presenting a controversial stance, prompting Speaker2 to offer a measured counterargument emphasizing nuance. Speaker3 and Speaker4 then challenge Speaker2's position with increasingly absolute claims, creating a more confrontational tone. Speaker2 responds by providing evidence to support their original point while maintaining civility. Speaker5 introduces an analogy that shifts the discussion, which Speaker2 politely rebuts with data, demonstrating persistent disagreement through factual argumentation. The exchange concludes with Speaker5 making provocative claims and Speaker2 systematically dismantling them with evidence, maintaining a respectful but firm stance throughout the increasingly polarized debate.",1075040167.0_1_delta_threads.xml,5,1
2,request-3,"The original poster presents a defense of farming practices based on personal experience, which prompts Speaker1 to seek clarification about whether these observations apply broadly. The conversation shifts when Speaker2 directly challenges the poster's perspective, asserting they haven't seen ""real"" factory farms. The poster responds defensively, questioning Speaker2's own experience and suggesting activist bias. Speaker2 concedes their lack of firsthand experience while maintaining skepticism, leading the poster to cite statistics supporting their position. When challenged for sources, the poster provides links but acknowledges uncertainty about their credibility, which Speaker3 then analyzes to demonstrate the statistics actually contradict the poster's argument.",115882088.0_1_delta_threads.xml,5,1
3,request-4,"The original poster presents a pessimistic view of humanity's failure to learn from history, prompting Speaker1 to counter with an optimistic perspective about moral progress and technological advancement. Speaker1 follows up with additional evidence about the decline of authoritarianism, which leads the original poster to partially concede while maintaining skepticism about whether progress is truly linear versus cyclical. Speaker1 persists with data about increased lifespans, but the original poster deflects by questioning whether this progress extends globally. When Speaker2 joins to support Speaker1's argument with humor and facts about modern amenities, the original poster seeks clarification about specific countries, prompting Speaker2 to provide detailed evidence about telecommunications and healthcare in Mongolia and Nigeria.",113567594.0_1_delta_threads.xml,4,1
4,request-5,"The original poster presents a concern about potential election-related violence, which Speaker1 challenges by questioning the feasibility of the proposed scenario. The original poster concedes one point but maintains their overall position, prompting Speaker1 to press harder with specific counterarguments and requests for evidence. The original poster responds with detailed reasoning while acknowledging they haven't fully addressed Speaker1's core challenge about resource control. Speaker1 continues to systematically rebut claims and repeatedly highlights that the original poster is avoiding their central argument. When Speaker2 requests evidence to support Speaker1's position, Speaker1 provides multiple examples to substantiate their claims.",1082495263.0_2_delta_threads.xml,5,1
5,request-6,"The original poster presents a constitutional interpretation question, which Speaker1 addresses with a conventional definition. Speaker2 (OP) acknowledges but questions the consistency of this interpretation, prompting Speaker1 to dismiss concerns as politically motivated. The conversation shifts when Speaker2 expresses skepticism about historical precedent, leading Speaker1 to provide evidence and challenge Speaker2's position directly. As the discussion progresses through multiple exchanges, both speakers become increasingly focused on specific technicalities, with Speaker1 maintaining a defensive stance while Speaker2 persistently probes for inconsistencies in the argument.",1102614149.0_2_delta_threads.xml,4,1
6,request-7,"The original post establishes a rule clarification, prompting a user to suggest an additional restriction. A second commenter politely disagrees with the suggestion, arguing for its validity. A third speaker challenges this defense with a clarifying question about objectivity versus subjectivity. The discussion evolves into a philosophical debate with back-and-forth exchanges, where one speaker eventually concedes the point gracefully. The conversation concludes with both parties finding common ground on how to improve future discussions, maintaining a constructive and civil tone throughout.",1409948101.0_2_delta_threads.xml,5,1
7,request-8,"The original poster presents a controversial view about feminist criticism of video games, which immediately draws a measured correction from the first commenter. The second commenter challenges the first with market-based arguments, prompting a defensive clarification that distinguishes moral from economic concerns. As the conversation deepens, both participants engage in increasingly nuanced back-and-forth exchanges, with each turn becoming longer and more detailed. The discussion evolves from initial disagreement to finding common ground while still debating specific points about representation and social impact. Despite the contentious topic, both speakers maintain a respectful tone throughout, ultimately reaching partial agreement while acknowledging their remaining differences.",134214340.0_1_delta_threads.xml,5,1
8,request-9,"The original poster presents a contradictory stance, simultaneously expressing desire for a relationship while making sweeping negative generalizations about women. The first commenter challenges this contradiction directly, prompting the poster to defensively broaden their negativity to ""most people"" while maintaining their position. The commenter persists in highlighting the importance of treating women as individuals, leading the poster to attempt justification through stereotypes about gendered interests. When the commenter counters with personal examples that disprove these stereotypes, the poster retreats into self-deprecation. A new commenter then enters with a comprehensive analysis, pointing out the poster's logical inconsistencies and offering constructive advice about self-improvement and changing perspectives.",1378810771.0_1_delta_threads.xml,5,1
9,request-10,"The original poster presents a nuanced position but faces immediate requests for clarification. Speaker1 probes for specifics, prompting Speaker2 to offer a practical standard that the original poster readily accepts. Speaker3 identifies a key distinction in the original poster's argument, leading to a concession that shifts the discussion's focus. Speaker4 reinforces this reframing, effectively redirecting the conversation from its initial premise to a more precise concern about public conduct standards.",1437482501.0_1_delta_threads.xml,4,1
10,request-11,"The original poster presents a controversial viewpoint about evidence release, acknowledging the sensitivity while defending their position. The first commenter challenges this view by highlighting selective information release and questioning police motives, introducing tension. The second commenter offers a procedural defense, attempting to neutralize the criticism with technical reasoning. The third commenter escalates by pointing out the prejudicial nature of selective disclosure, directly contradicting the previous defense. The conversation then shifts into a technical debate about legal procedures, with speakers exchanging increasingly specific counterarguments about disclosure rules. The discussion maintains a civil but increasingly adversarial tone as participants dig into their positions.",144404372.0_3_delta_threads.xml,6,1
11,request-12,"The original poster presents an optimistic view of the Nordic model, inviting challenges. A Danish citizen responds with a nuanced critique, acknowledging the model's successes while presenting four substantial counterarguments. When another commenter requests clarification on one specific point, a third speaker provides a brief explanation, which prompts confusion from the questioner who interprets it differently. A fifth speaker then offers an extensive, thoughtful elaboration that reframes the concept entirely, leading the confused commenter to express gratitude and acknowledge their initial misunderstanding. The conversation maintains a respectful, educational tone throughout, with participants building constructively on each other's contributions.",154839924.0_3_delta_threads.xml,5,1
12,request-13,"The original poster presents a positive view that prompts a Danish citizen to offer a nuanced insider's perspective with four specific criticisms. When another commenter requests clarification on one point, a third speaker provides a brief explanation, which leads to confusion from the requesting commenter who interprets it as simply being humble. A fifth speaker then delivers an extensive clarification, connecting the concept to broader societal implications and potential drawbacks. The conversation concludes with the confused commenter expressing gratitude for the thorough explanation and uncertainty about procedural matters, followed by a brief exchange about those procedures.",154839924.0_4_delta_threads.xml,4,1
13,request-14,"The original poster presents a controversial proposal and attempts to justify it through various arguments. The first commenter challenges the proposal on constitutional grounds, prompting the OP to defend their position by reinterpreting the constitutional language. The discussion escalates as commenters point out logical flaws, leading the OP to make increasingly strained comparisons and justifications. A third commenter enters with sarcastic hypotheticals to expose the absurdity of the OP's reasoning, but the OP persists in defending their position with utilitarian arguments. The conversation becomes more contentious as commenters highlight problematic assumptions and implications, with the OP continuing to double down despite mounting criticism.",1719432989.0_3_delta_threads.xml,5,1
14,request-15,"The original poster criticizes a subreddit's behavior, prompting a moderator to defend their community with technical justifications about rule compliance. A second speaker challenges the moderator's deflection of responsibility, leading to defensive clarification from the moderator. A third speaker neutrally acknowledges the distinction between rule-breaking and bad behavior. A fourth speaker launches an emotional attack against the practice, expressing frustration through personal scenarios and harsh language. The final speaker diplomatically acknowledges the concerns while explaining the platform's stance on openness, attempting to de-escalate the tension.",160170780.0_1_delta_threads.xml,5,1
15,request-16,"The original poster presents a controversial proposal that is immediately met with strong opposition from the first commenter, who raises ethical concerns and practical objections. The original poster responds defensively, attempting to justify their position through comparisons and hypothetical benefits. A third speaker joins with a brief but pointed challenge, prompting the original poster to double down on their argument. The conversation intensifies as multiple commenters express increasing disbelief and frustration, with one accusing the poster of promoting a dystopian idea. The discussion shifts when a new commenter identifies a fundamental disconnect between the post's title and its purported reasoning, leading to a series of clarifying exchanges that reveal confusion about the proposal's core premise.",1719432989.0_1_delta_threads.xml,5,1
16,request-17,"The original poster expresses frustration about a celebrity gossip situation, using strong language to criticize the dynamics involved. The first commenter challenges multiple aspects of the post through pointed questions and logical counterarguments, creating immediate tension. The original poster responds defensively by introducing new concepts and deflecting with counter-questions. The commenter calls out this deflection as a ""slippery slope"" and attempts to refocus the discussion. The original poster then makes a small concession, distinguishing between ""should"" and ""must,"" which the commenter uses to press their point home. The conversation ends with the commenter repeating their question to emphasize that they've proven their point, while the overall tone shifts from heated disagreement to reluctant partial agreement.",1821161756.0_2_delta_threads.xml,6,1
17,request-18,"The original poster expresses frustration about a celebrity incident, arguing against the expectation that celebrities should intervene when fans harass others. The first commenter challenges this view by asking for alternatives, prompting the original poster to concede the point while maintaining celebrities have no duty to act. The conversation shifts to moral philosophy when the commenter uses analogies to argue for moral responsibility, but the original poster rejects this framework while acknowledging the social benefits. The discussion concludes with the commenter pointing out that the original poster has shifted from criticizing the practice as ""stupid"" to focusing on legal obligations, effectively changing the debate's scope. Throughout, the tone remains civil despite fundamental disagreements about moral obligations.",1821161756.0_1_delta_threads.xml,5,1
18,request-19,"The original poster presents a critical view that sparks defensive responses from multiple commenters. The first commenter offers a pragmatic counterargument, prompting the OP to clarify their position with a somewhat accusatory tone. A third speaker challenges the OP's premise directly, leading to further defensive justification from the OP. The fifth commenter dismisses the OP's concerns bluntly, while the sixth provides an analytical reframing that resonates with and reinforces the OP's original stance. The final commenter, claiming insider knowledge, forcefully contradicts the OP's assumptions with authoritative certainty.",181959121.0_2_delta_threads.xml,5,1
19,request-20,"The original poster presents a provocative comparison, prompting Speaker1 to respond with a sarcastic counterargument using logical reasoning. Speaker2 intervenes to correct Speaker1's logical fallacy with a formal explanation and analogy. Speaker1 concedes the point but attempts to defend their position with a modified argument. Speaker2 maintains their correction, emphasizing the formal logical error. Speaker1 persists with another example, inadvertently changing the logical structure, which Speaker2 points out, maintaining a patient but firm instructional tone throughout.",2030191996.0_1_delta_threads.xml,5,1
20,request-21,"The original poster presents their situation and seeks clarification on whether their comment exemplified white fragility. The first commenter questions the poster's motivation for wanting their view changed, prompting the poster to explain their desire to better understand racial issues. A third commenter provides an academic perspective with citations, suggesting a broad interpretation of white fragility that encompasses any non-affirming response. The original poster challenges this interpretation as too extreme and impractical, particularly in online contexts. Two additional commenters support the poster's skepticism, with one introducing the concept of a ""kafkatrap"" and another providing a critical article that frames the white fragility concept as creating an unfalsifiable accusation.",1865427692.0_1_delta_threads.xml,5,1
21,request-22,"The original poster presents their ban and seeks clarification, maintaining a measured tone throughout. The first commenter directly challenges the poster's interpretation, labeling their response as a ""classic example"" of white fragility. The poster responds defensively but attempts to clarify their position, leading to an extended back-and-forth where both parties dig into their respective interpretations. The commenter persistently argues their point using increasingly forceful language and rhetorical strategies, while the poster shifts between defending their original intent and seeking common ground. The conversation evolves from a request for clarification to a debate about interpretation, with the commenter ultimately reframing the poster's words to demonstrate their point.",1865427692.0_2_delta_threads.xml,5,1
22,request-23,"The original poster presents a controversial view about male promiscuity and agency, inviting counterarguments. The first commenter immediately challenges this view by associating promiscuity with immaturity and mental illness, to which the poster responds by requesting more substantive argumentation. The conversation shifts when the commenter pivots to discussing cheating as inherently negative, prompting the poster to probe whether even negative behaviors might reflect increased agency. A new speaker enters to directly refute the agency claim, asserting that choosing monogamy doesn't diminish one's agency. The poster responds with philosophical skepticism, questioning whether unrealized options truly exist, while the new speaker counters with personal anecdotes and dark humor to demonstrate that the option to leave always remains available, regardless of whether it's exercised.",2076541612.0_1_delta_threads.xml,5,1
23,request-24,"The original poster presents a controversial view about promiscuity and agency, inviting counterarguments. The first commenter challenges the premise by suggesting the argument is circular and that maintaining relationships requires greater skill. The conversation then shifts into a back-and-forth where the original poster persistently seeks specific evidence about complexity and skill requirements, while the commenter attempts to reframe the discussion around optionality versus action. Despite multiple attempts at clarification from both sides, they struggle to find common ground, with the original poster repeatedly returning to their ""complexity accumulation"" point. The commenter grows increasingly direct in their responses, emphasizing that the comparison itself is flawed, while the original poster remains focused on extracting a specific type of evidence before conceding any points.",2076541612.0_3_delta_threads.xml,5,1
24,request-25,"The original poster presents their view against ticket reselling, prompting a commenter to challenge with a personal counterexample. The poster clarifies their position with moral concerns, leading to a back-and-forth where the commenter uses analogies to probe the poster's reasoning. As the discussion progresses, the poster becomes increasingly defensive of their position while the commenter persistently questions the logical consistency of treating tickets differently from other commodities. The conversation shifts when the commenter provides academic evidence, prompting the poster to engage more thoughtfully while still maintaining their core objection based on personal experience and fairness concerns.",217468142.0_1_delta_threads.xml,4,1
25,request-26,"The original poster presents a detailed argument, prompting Speaker1 to challenge the fundamental premise with a definitional disagreement. The conversation intensifies as both speakers exchange evidence and counterarguments, with Speaker1 persistently questioning the validity of the original poster's claims. Speaker2 briefly interjects with skepticism, while Speaker1 continues their systematic rebuttal by examining specific examples. The discussion becomes increasingly granular as Speaker1 methodically dismantles the original poster's position, culminating in a comprehensive dismissal. Throughout the exchange, the original poster attempts to clarify and defend their position but faces mounting pressure from Speaker1's relentless counterarguments.",223614694.0_1_delta_threads.xml,5,1
26,request-27,"Looking at this conversation thread, here's the trajectory summary:

The original poster presents their view on privacy rights, inviting discussion. The first commenter challenges the comparison to free speech, prompting a second speaker to defend privacy concerns with an emotional example. A third speaker dismisses this as weak reasoning and poses a provocative either/or scenario. The conversation then shifts into a fact-based debate about surveillance effectiveness, with speakers exchanging data and challenging each other's evidence. The discussion evolves into a philosophical debate about trust in government and the dual nature of technology, with the final commenter making historical analogies and appealing to caution about unchecked power.",220698466.0_1_delta_threads.xml,5,1
27,request-28,"The original poster presents a provocative claim, which immediately draws a counterexample from the first commenter. The original poster dismisses this challenge with a brief acknowledgment, prompting another commenter to question the scope of the claim through an incredulous rhetorical question. The original poster responds defensively by explaining their motivation for posting, which leads the commenter to shift tactics and probe for definitional clarity. As the conversation progresses, the commenter employs a Socratic questioning method to expose logical inconsistencies, ultimately cornering the original poster into a contradictory position about belief versus behavior.",2242239967.0_1_delta_threads.xml,4,1
28,request-29,"The original poster presents a detailed argument, and Speaker1 counters with personal experience and scientific reasoning about sugar's benefits when used responsibly. The original poster challenges Speaker1's position by questioning whether addicted individuals can make responsible choices. Speaker1 shifts the discussion by arguing that processed foods, not sugar itself, are the real culprit, providing research to support this claim. The original poster concedes that the issue is more nuanced than initially thought and seeks clarification about what makes processed foods addictive. Speaker1 maintains a helpful, educational tone throughout, offering additional resources while acknowledging the complexity of the topic.",223614694.0_2_delta_threads.xml,5,1
29,request-30,"The original poster presents a controversial view about lesbian appearance, which Speaker1 immediately challenges with sarcasm and counterexamples. When the OP attempts to shift their position from ""non-existence"" to ""minority status,"" Speaker2 calls out this goalpost-moving and questions the OP's methodology. The OP reveals their limited search approach, prompting Speaker2 to explain the flaws in using celebrity visibility as evidence. Throughout the exchange, the OP shows increasing openness to reconsidering their view, while Speaker2 maintains a patient, educational tone in addressing the OP's misconceptions about sampling bias and visibility.",2366753957.0_3_delta_threads.xml,4,1
30,request-31,"The original poster presents a controversial view about lesbian appearance, prompting immediate pushback from a commenter who identifies as lesbian and questions the poster's methods and motivations. When the poster defensively requests statistical evidence, another commenter provides a research study, leading the poster to partially concede their view. However, the poster's misinterpretation of the study triggers frustration from the commenter, who corrects the misunderstanding with detailed explanations. The conversation shifts from civil debate to mild exasperation as the commenter repeatedly urges the poster to actually read the provided source rather than making assumptions about its content.",2366753957.0_5_delta_threads.xml,4,1
31,request-32,"The original poster presents a controversial view about lesbian appearance, which is immediately challenged by the first commenter with sarcasm and counterexamples. When the poster attempts to shift their position from ""non-existence"" to ""minority status,"" another commenter calls out this goalpost-moving and probes their methodology. The poster's admission of using celebrity searches as their primary research method prompts a patient explanation about selection bias and visibility issues. Despite awarding a delta for recognizing their flawed assumptions, the poster still requests impossible statistical proof, leading to a final reality check about data availability. The conversation progresses from defensive argumentation to gradual concession, though the poster maintains some resistance to fully abandoning their original framework.",2366753957.0_6_delta_threads.xml,5,1
32,request-33,"The original poster makes a sweeping claim about lesbian appearance. The first commenter challenges this with evidence and suggests the poster's search methods may be biased. The poster responds defensively, shifting their position from ""does not exist"" to ""minority"" and suggesting evidence could be fake. A second commenter points out this goalpost-shifting and questions the conspiracy theory. The poster continues to backtrack while maintaining skepticism about the evidence, prompting the commenter to persistently demand an explanation for why anyone would stage such photos. The conversation becomes increasingly focused on the poster's evasive responses rather than the original claim.",2366753957.0_4_delta_threads.xml,6,1
33,request-34,"The original poster makes a sweeping claim about a group of people, which is immediately challenged by a commenter with counterexamples. When confronted with evidence, the poster shifts their position from absolute denial to questioning minority status and suggesting the evidence might be fabricated. Multiple commenters press the poster on these defensive pivots, pointing out the inconsistency between their original claim and their backpedaling. The poster eventually concedes their view has changed but continues to defend their skepticism about the evidence. The conversation becomes increasingly focused on the poster's evasive reasoning rather than the original topic, with commenters expressing incredulity at the conspiracy-like suggestions.",2366753957.0_7_delta_threads.xml,5,1
34,request-35,"The original poster presents a controversial view about lesbian appearance, prompting Speaker1 to offer a counterexample with a Wikipedia reference. When the poster challenges the evidence, Speaker2 intervenes with clarifying questions about the type of proof being sought. The conversation becomes increasingly circular as the poster repeatedly requests specific evidence while rejecting the sources provided. Speaker2 grows frustrated with the poster's shifting requirements and inconsistent standards for evidence. The exchange ends with Speaker2 expressing confusion about the poster's contradictory statements and pointing out the lack of available data on either side of the argument.",2366753957.0_8_delta_threads.xml,5,1
35,request-36,"The original poster presents a provocative claim, which Speaker1 immediately challenges with a dismissive rhetorical question. Speaker2 clarifies their position, prompting Speaker1 to offer a more substantive rebuttal that questions the premise. As the exchange continues, Speaker1 persistently seeks clarification about Speaker2's actual viewpoint while Speaker2 gradually concedes ground and becomes more apologetic. The conversation shifts from confrontational to collaborative, with Speaker1 transitioning from criticism to constructive guidance. By the end, Speaker2 acknowledges their initial framing was flawed, and both speakers reach a mutual understanding about the real issue at hand.",2547064804.0_2_delta_threads.xml,5,1
36,request-37,"The original poster makes a provocative claim about psychology research, which Speaker1 challenges by defending the field while acknowledging past ethical violations. Speaker2 concedes their initial framing was too broad and clarifies their actual concern about the visibility of ethical versus unethical experiments. Speaker1 acknowledges this point while maintaining that current ethical standards are appropriate, prompting Speaker2 to reveal their underlying belief that relaxed ethics enable innovation. The conversation evolves into a philosophical debate where Speaker1 provides counterexamples and analogies to challenge Speaker2's position, while Speaker2 gradually shifts from defending their stance to expressing genuine curiosity and partial agreement with Speaker1's perspective.",2547064804.0_1_delta_threads.xml,4,1
37,request-38,"The original poster takes a strong stance against religious expression in schools, which immediately draws pushback from the first commenter who offers a pragmatic counterargument. The original poster responds dismissively, prompting a third speaker to use sarcasm to highlight a logical flaw in their reasoning. The conversation then devolves into increasingly defensive exchanges, with the original poster making broader claims about European policies to support their position. When challenged on factual accuracy about France's policies and comparative metrics, the original poster doubles down but is ultimately corrected on a specific claim, undermining their argument.",2512463257.0_1_delta_threads.xml,4,1
38,request-39,"The original poster presents a nuanced critique about Americans claiming ancestral identities, expressing frustration while acknowledging complexity. The first commenter offers an explanatory defense, reframing the American behavior as a search for shared cultural experience rather than an offensive claim. The second commenter politely challenges the characterization of the behavior as ""problematic."" The original poster then concedes partial agreement, clarifying their specific concerns about stereotyping while maintaining some criticism. The fifth commenter constructively points out potential confirmation bias in the original poster's perspective. The conversation concludes with the original poster showing openness to multiple viewpoints, expressing appreciation for respectful dialogue, and acknowledging their own generalizations.",2676326580.0_1_delta_threads.xml,5,1
39,request-40,"The original poster proposes mandatory price transparency, which Speaker1 dismisses as unnecessary for price-conscious consumers. Speaker2 challenges this dismissal with pointed questions, prompting Speaker1 to clarify their opposition stems from concerns about government overreach. The conversation intensifies as Speaker2 accuses companies of manipulative pricing tactics, while Speaker3 enters to defend the current system by emphasizing tax transparency and compliance complexities. The exchange becomes increasingly confrontational as Speaker2 and Speaker3 debate consumer rights versus business practicalities, with Speaker2 using more aggressive language and Speaker3 maintaining a defensive stance while the original poster attempts to find middle ground.",2549309201.0_1_delta_threads.xml,4,1
40,request-41,"The original poster proposes teaching self-defense techniques to girls, which is met with skepticism from the first commenter who challenges the practical applicability of such training. The original poster defends their position while acknowledging gaps in their memory, prompting the first commenter to intensify their critique by questioning the feasibility and psychological implications. As the debate becomes more contentious with the first commenter expressing strong doubt about the proposal's validity, a new participant enters with personal experience that validates the original poster's suggestion. This intervention shifts the dynamic, leading the initially skeptical commenter to partially concede and express openness to reconsidering their stance.",258580368.0_1_delta_threads.xml,4,1
41,request-42,"The original poster presents a controversial view about future reproductive rights. The first commenter asks a practical question, prompting a brief response from the OP. A second commenter challenges the feasibility with a pointed question about illegal behavior. The OP initially dismisses this concern but the commenter persists, raising enforcement difficulties. As the OP makes concessions about enforcement limitations, the commenter systematically exposes contradictions in the proposal, ultimately cornering the OP with a rhetorical question highlighting the dangerous implications of their position.",295203779.0_1_delta_threads.xml,5,1
42,request-43,"The original poster presents a controversial stance that triggers immediate questioning from Speaker1. After a brief exchange of terse responses, Speaker1 challenges the poster more directly, leading to an escalation where Speaker1 expresses disbelief and frustration. The poster attempts to defend their position with a rhetorical question, prompting Speaker2 to enter with a broader critique and counterargument. When the poster responds with evidence, Speaker2 systematically dismantles both the evidence and its source, demonstrating a shift from emotional reaction to analytical rebuttal.",363480636.0_2_delta_threads.xml,4,1
43,request-44,"The original poster proposes extreme punishments for drug distribution, which Speaker1 strongly opposes on moral grounds while offering an alternative approach. Speaker2 (the OP) dismisses human rights concerns and challenges Speaker1's economic arguments with increasing defensiveness. Speaker3 questions the OP's stance on human rights with apparent disbelief, prompting the OP to double down by suggesting authoritarian systems might be superior. Speaker5 dismisses the OP entirely based on their human rights stance, leading the OP to deflect with a question about Singapore. Speaker7 provides a comprehensive factual rebuttal addressing both the practical limitations and societal costs of the OP's proposal, effectively dismantling the argument.",363480636.0_1_delta_threads.xml,5,1
44,request-45,"The original poster presents a specific argument about film trilogy structure, prompting Speaker1 to question the premise and ask for clarification. The conversation evolves into a philosophical debate where both speakers persistently disagree about fundamental definitions, with Speaker1 challenging the OP's criteria while the OP defends their position through analogies and examples. As the discussion progresses, both participants become increasingly entrenched in their positions, with Speaker1 using rhetorical questions to probe the OP's logic while the OP maintains their stance through repeated clarification attempts. The debate shifts from broader conceptual disagreements to specific semantic arguments about terminology, with both speakers exhibiting mild frustration as they talk past each other. Eventually, the conversation narrows to minute details about specific plot points, maintaining the pattern of persistent disagreement until the OP attempts to conclude the discussion, though Speaker1 continues pressing their counterargument.",401821196.0_3_delta_threads.xml,5,1
45,request-46,"The original poster expresses extreme frustration and despair about humanity, using hyperbolic language to convey their loss of faith. The first commenter challenges the scope of the poster's claims with a logical counterpoint, prompting the poster to partially concede and shift their stance. The commenter continues with clarifying questions, but a miscommunication occurs when the poster misinterprets ""world affairs"" as ""work affairs,"" creating temporary confusion. Once clarified, the poster remains somewhat resistant but shows uncertainty, while the commenter persistently offers optimistic counterarguments and practical solutions. The conversation gradually shifts from confrontational to supportive, with the commenter providing constructive advice and the poster becoming more receptive to alternative perspectives.",410977978.0_2_delta_threads.xml,5,1
46,request-47,"The original poster proposes extreme punishments for drug distribution, prompting Speaker1 to challenge the effectiveness using a real-world example. When the OP defends their position, Speaker1 shifts to constitutional arguments, which the OP dismisses as dogmatic thinking. The conversation escalates as Speaker1 questions why the OP devalues human rights, while the OP maintains they're willing to sacrifice certain rights since they're not a criminal. Speaker2 enters with a hypothetical scenario about wrongful conviction, leading to an exchange about acceptable error rates. The discussion concludes with Speaker2 presenting dystopian alternatives to illustrate the logical extremes of abandoning human rights, using sarcasm to highlight the absurdity of the OP's position.",363480636.0_3_delta_threads.xml,5,1
47,request-48,"The original poster expresses pessimism about democratic discourse and seeks reassurance about humanity's capacity for civil discussion. The first commenter responds constructively by offering concrete examples of political cooperation, prompting the OP to acknowledge the point while maintaining some skepticism. The commenter then provides additional perspective about anonymity's role in toxic discourse and shares an inspiring example of bridging extreme divides. The OP shifts to expressing specific political concerns and examples of corruption, causing the commenter to seek clarification about the core issue. The conversation concludes with the OP recognizing their tangential points and acknowledging that the commenter has addressed their original concern, leading to a delta being awarded.",442068628.0_1_delta_threads.xml,5,1
48,request-49,"The original poster expresses extreme frustration and despair about humanity, using hyperbolic language to convey their loss of faith. The first commenter challenges the scope of the poster's claims with a pointed clarification question. The original poster immediately concedes and redirects their frustration more narrowly. A third speaker interjects with a contrasting positive perspective, prompting a fourth speaker to offer a paradoxical cultural observation. The original poster responds with confusion, leading the fourth speaker to provide an extensive, thoughtful explanation that reframes the entire discussion in a more nuanced light.",410977978.0_3_delta_threads.xml,5,1
49,request-50,"Looking at this conversation thread, here's the trajectory summary:

The original poster presents a controversial view defending a game's monetization system, comparing it to other games. The first commenter expresses frustration and feelings of betrayal, which prompts the OP to ask clarifying questions about the specific issues. As the discussion progresses, a third speaker enters with detailed technical knowledge and directly challenges the OP's comparisons. The OP shifts from defending their position to asking genuine questions, showing openness to new information. The conversation evolves from defensive argumentation to collaborative information exchange, with the OP ultimately conceding points based on the expert's explanations.",444945722.0_1_delta_threads.xml,5,1
50,request-51,"The original poster makes a controversial claim about complimenting overweight people, which Speaker1 challenges by questioning the premise. Speaker2 attempts to clarify and support the original poster's perspective, but Speaker1 responds with a detailed rebuttal that systematically dismantles the argument. Speaker2 then concedes and shifts to asking for constructive alternatives, prompting Speaker1 to offer practical suggestions. The conversation evolves from confrontational disagreement to collaborative problem-solving, with the tone becoming increasingly civil and productive.",1075040167.0_2_deltaless_thread.xml,4,0
51,request-52,"The original poster makes a controversial claim about weight and compliments, which prompts a commenter to offer a counterargument with cultural examples. A second commenter challenges this with medical claims, leading to a more nuanced response that acknowledges complexity while defending individual choice. The conversation then shifts to analogies about drug use, with participants finding some common ground while maintaining their core disagreements. The exchange remains relatively civil despite the sensitive topic, with speakers clarifying their positions and acknowledging partial agreement.",1075040167.0_5_deltaless_thread.xml,4,0
52,request-53,"The original poster shares a personal anecdote to support their view, which Speaker1 challenges by offering an alternative interpretation while acknowledging broader issues. Speaker2 attempts to find middle ground through comparative assessment, but Speaker1 remains skeptical and analytical. Speaker3 enters with strong praise and accusations of bias, prompting Speaker4 to counter with a specific example. The conversation intensifies as Speaker3 and Speaker1 engage in increasingly hostile exchanges about debate techniques and intelligence, with Speaker3 persistently defending their position while Speaker1 systematically dismantles their arguments, culminating in a moderator intervention for rule violations.",1062071645.0_3_deltaless_thread.xml,4,0
53,request-54,"The original poster presents a pessimistic view of humanity's failures, prompting Speaker1 to counter with a philosophical perspective that minimizes humanity's impact while acknowledging human flaws as a necessary trade-off. The original poster responds with skepticism, providing evidence to support their concerns, which leads Speaker1 to shift their argument toward nature's resilience rather than addressing the moral concerns. When the original poster persists in focusing on humanity's inherent evil, Speaker1 challenges this premise directly with rhetorical questions. The conversation maintains a civil but philosophically divergent tone throughout, with neither party fully engaging with the other's core concerns.",113567594.0_4_deltaless_thread.xml,4,0
54,request-55,"The original poster presents a defense of farming practices based on personal experience, inviting citation requests. The first commenter corrects a factual error and challenges the poster's understanding, recommending educational resources while maintaining a somewhat condescending tone. The original poster responds with polite skepticism about bias. The third commenter acknowledges the validity of skepticism while encouraging self-reflection and open-mindedness in a diplomatic manner. A new speaker then attacks the credibility of the poster's sources with sarcasm. The original poster defends their approach while reaffirming their willingness to provide proper citations, maintaining civility despite the criticism.",115882088.0_2_deltaless_thread.xml,6,0
55,request-56,"The original poster presents a constitutional interpretation that is challenged by a commenter who offers a straightforward counter-interpretation. The poster initially responds with minimal engagement, prompting the commenter to provide more detailed legal reasoning. As the commenter presents historical evidence, the poster shifts between conceding points and raising new objections. The discussion intensifies when the poster accuses the commenter of taking quotes out of context and making poor arguments, expressing frustration through personal anecdotes. The commenter maintains composure while defending their position, ultimately pointing out that the poster has only offered personal disagreement rather than legal justification.",1102614149.0_4_deltaless_thread.xml,5,0
56,request-57,"The original poster announces a new moderation policy with a formal, authoritative tone. Speaker1 responds constructively by proposing alternative solutions and expressing uncertainty about implementation. Speaker2 briefly interjects with a factual correction, which Speaker1 challenges with a clarification request. Speaker4 seeks concrete examples to understand the distinction, prompting Speaker1 to provide specific illustrations that differentiate between genuine and feigned neutrality. The conversation maintains a collaborative problem-solving atmosphere throughout.",1409948101.0_8_deltaless_thread.xml,5,0
57,request-58,"The original poster presents a business-oriented perspective on feminist criticism of gaming, suggesting critics should create games instead of complaining. The first commenter dismisses this with a sweeping generalization about women's capabilities, prompting a female game developer to counter with personal experience and credentials. The conversation shifts to a technical discussion about Unity development tools, creating a brief moment of constructive exchange. However, the first commenter returns to defend their position with a more nuanced but still dismissive argument about women's collective ability in game development. The female developer responds with statistics and a measured critique of the gaming industry's gender issues, maintaining a professional tone throughout despite the provocative comments.",134214340.0_11_deltaless_thread.xml,5,0
58,request-59,"The original poster presents a nuanced position about kink at pride parades, sparking immediate disagreement. The first commenter strongly defends kink's historical role in pride, dismissing concerns about family-friendliness with a bitter tone. The second commenter responds with sarcasm and frustration, challenging the exclusionary stance. The conversation escalates as both speakers become increasingly defensive, with accusations of misrepresentation and intentional misunderstanding. The exchange devolves into a back-and-forth where both parties talk past each other, ultimately ending in mutual dismissal rather than resolution.",1437482501.0_91_deltaless_thread.xml,5,0
59,request-60,"The original poster presents their view and invites discussion. The first commenter challenges the premise with skepticism about the necessity of public disclosure, introducing tension. A second commenter counters with a legal defense, shifting the conversation toward procedural justification. The first commenter concedes their word choice but maintains their position while expressing openness to learning more. The second commenter provides extensive legal documentation to support their argument, establishing dominance through expertise. The conversation then fragments into technical details and eventually dissolves into wordplay, deflating the initial tension.",144404372.0_8_deltaless_thread.xml,6,0
60,request-61,"The original poster presents an optimistic view of the Nordic model, prompting a Swedish commenter to offer a critical insider perspective with personal anecdotes and claims about systemic failures. A third speaker challenges the Swedish commenter's assertions, particularly about social mobility, requesting sources and presenting counter-evidence. The conversation then branches into multiple sub-discussions as various speakers question specific claims about education costs and social safety nets. Throughout the exchanges, speakers maintain a relatively civil tone while persistently defending their positions, with some offering clarifications and others providing supporting evidence. The discussion evolves from broad ideological debate to specific factual disputes about comparative social systems.",154839924.0_6_deltaless_thread.xml,5,0
61,request-62,"The original poster presents a controversial viewpoint and attempts to preemptively clarify their position. The first commenter supports the poster's stance while criticizing other participants for allegedly misunderstanding the issue. A third speaker challenges this support by questioning the logical connection being made, expressing skepticism through rhetorical questions. The fourth speaker offers a middle-ground perspective, attempting to bridge the opposing viewpoints with a hypothetical scenario. The conversation then intensifies as the third speaker doubles down on their skepticism, emphasizing the implausibility of the proposed scenario. The final two comments continue the debate with contrasting perspectives, maintaining the contentious but civil tone established earlier.",144404372.0_19_deltaless_thread.xml,6,0
62,request-63,"The original poster presents their view enthusiastically, inviting discussion while acknowledging one potential limitation. The first commenter challenges the scalability of the proposed model using comparative data and practical concerns. A third speaker enters with a neutral clarifying question, prompting the first commenter to provide additional context. The original poster then counters with evidence that contradicts one of the first commenter's supporting points. The conversation branches as the third speaker seeks more specific information, while the original poster attempts to find common ground by asking about the third speaker's context. The discussion evolves into a back-and-forth exploration of implementation challenges, with multiple speakers proposing alternatives and identifying new obstacles.",154839924.0_3_deltaless_thread.xml,6,0
63,request-64,"The original poster presents a controversial proposal that immediately draws skeptical questions from commenters. The first commenter asks practical implementation questions, to which the poster responds matter-of-factly. When a third commenter expresses moral outrage and disbelief, the poster doubles down with utilitarian justifications. The conversation escalates as the shocked commenter emphasizes the ethical problems while the poster maintains their defensive stance with increasingly brief responses. A new commenter enters to point out a logical flaw in the proposal, shifting the critique from moral to practical grounds.",1719432989.0_1_deltaless_thread.xml,5,0
64,request-65,"The original poster presents a controversial proposal with supporting arguments. Speaker1 responds with a neutral clarifying question about whether the poster would reconsider if evidence showed harm. The poster gives a brief affirmative response. Speaker1 then makes a counterargument citing general evidence about punitive justice being harmful to society. The poster shows openness to changing their view if presented with evidence about harsher punishments causing societal harm. Speaker1 follows through by providing multiple sources to support their argument, maintaining a civil and educational tone throughout.",1719432989.0_9_deltaless_thread.xml,6,0
65,request-66,"Looking at this conversation thread, I can see the following trajectory:

The original poster presents a critical view of Victoria's role in celebrity AMAs, arguing that her involvement creates an unwanted filter between celebrities and Reddit users. The first commenter offers a pragmatic counterargument, suggesting that without Victoria's protection, celebrities wouldn't participate at all due to PR concerns. A second commenter challenges this defense, asserting that the lack of PR control was precisely what made AMAs unique. The conversation then diverges into a technical discussion about Reddit's corporate ownership structure, with multiple speakers engaging in back-and-forth corrections about specific details. Eventually, two additional commenters return to the original topic, with one dismissing celebrity AMAs entirely and another reinforcing the original poster's concerns about the format becoming too sanitized. The overall tone remains civil but shows clear disagreement between those who view Victoria as necessary versus those who see her role as detrimental to the AMA format.",181959121.0_5_deltaless_thread.xml,6,0
66,request-67,"The original poster presents a complaint about celebrity-fan dynamics, which Speaker1 challenges by drawing a political parallel and posing hypothetical questions about responsibility. Speaker2 responds defensively, attempting to distinguish between the scenarios while maintaining their position. Speaker1 then uses a reductionist approach to challenge Speaker2's logic, prompting Speaker2 to clarify their stance on legal accountability. Speaker1 identifies an apparent contradiction in Speaker2's reasoning, leading to confusion from Speaker2. The conversation shifts from debate to clarification as Speaker1 attempts to explain their interpretation of Speaker2's position.",1821161756.0_9_deltaless_thread.xml,5,0
67,request-68,"The original poster presents their ban experience and questions whether their comment exemplified white fragility. The first commenter challenges the poster's stance with suspicion, prompting the poster to clarify their position defensively. A third speaker enters to support the poster's viewpoint about individual versus collective responsibility. The fourth speaker provides an analytical critique of the white fragility concept itself, using logical fallacies as their framework. The fifth speaker adopts an aggressive tone, shifting the conversation toward personal attacks and blame. The discussion evolves from civil disagreement to increasingly confrontational exchanges.",1865427692.0_13_deltaless_thread.xml,6,0
68,request-69,"The original poster expresses frustration about a situation, prompting Speaker1 to offer a measured counterargument while acknowledging the poster's concerns. Speaker2 responds politely but remains unconvinced, leading Speaker1 to elaborate with analogies and rhetorical questions to strengthen their position. Speaker2 then partially concedes some points while maintaining their core stance, causing Speaker1 to seek clarification about what would actually change their mind. The conversation shifts focus when Speaker2 introduces a new dimension to the debate, prompting Speaker1 to probe whether they're discussing the same fundamental issue, ultimately revealing a potential misalignment between the original post and the actual point of contention.",1821161756.0_5_deltaless_thread.xml,4,0
69,request-70,"The original poster shares their ban experience and questions whether their comment exemplified ""white fragility,"" sparking a multi-speaker discussion. The first commenter shifts focus to a broader principle about collective racial responsibility, which the second commenter builds upon by attacking the concept of ""white fragility"" as a logical fallacy. The third and fourth commenters express frustration with moral expectations placed on individuals based on group identity, with the fourth using humor to deflect. The fifth commenter escalates by dismissing an entire theoretical framework as pseudoscience, prompting the sixth commenter to introduce a counterargument about systemic responsibility, which the seventh commenter rebuts by accusing them of fighting racism with racism, leading to an extended defense from the sixth commenter using analogies and clarifications.",1865427692.0_24_deltaless_thread.xml,4,0
70,request-71,"The original poster presents a provocative comparison that immediately generates pushback from the first commenter. The conversation then branches into multiple sub-debates as new participants join, with Speaker3 delivering an extensive, nuanced response that shifts the discussion toward practical considerations. Speaker4 counters with factual rebuttals, while Speaker5 reinforces the criticism of the initial counterargument. The discussion evolves from heated moral debate to more measured exchanges about practical alternatives, with participants finding some common ground despite their initial disagreements.",2030191996.0_4_deltaless_thread.xml,4,0
71,request-72,"The original poster presents a provocative comparison, which immediately triggers a challenging response from Speaker1. The original poster attempts to defend their position with a brief clarification, prompting Speaker2 to probe for inconsistencies in the argument. When the original poster makes a concession, Speaker2 presses further to highlight the contradiction with the initial claim. As Speaker1 returns with additional counterexamples, the original poster shifts to a different defensive strategy, but Speaker1 persistently pursues their line of questioning through repeated analogies. The exchange concludes with the original poster dismissing the continued questioning as disingenuous.",2030191996.0_42_deltaless_thread.xml,5,0
72,request-73,"The original poster presents a detailed argument, which Speaker1 immediately challenges with a libertarian stance and questions about evidence quality. The original poster responds defensively, providing additional sources while maintaining their position. Speaker1 continues to press on the evidence and escalates to philosophical objections about bodily autonomy and government overreach. The original poster attempts to clarify their position and moderate their claims, distinguishing between bans and regulations. The conversation shows increasing tension as Speaker1 persistently challenges both the evidence and the underlying principles, while the original poster tries to defend their position through clarification and compromise.",223614694.0_3_deltaless_thread.xml,5,0
73,request-74,"The original poster presents a controversial view about male promiscuity and life skills, inviting counterarguments. A commenter offers an alternative explanation focused on biological differences, which the original poster acknowledges but dismisses as addressing a different level of analysis. The commenter persists with their biological argument while the original poster repeatedly attempts to redirect the discussion back to individual agency and social skills. The conversation becomes increasingly circular as both parties talk past each other about fundamentally different aspects of the topic - one focusing on societal/biological factors and the other on individual capabilities. Despite multiple clarification attempts, neither speaker successfully bridges their conceptual divide, resulting in a frustrating exchange where agreement on basic premises remains elusive.",2076541612.0_4_deltaless_thread.xml,5,0
74,request-75,"The original poster presents a view about ticket resale sites, prompting Speaker1 to offer a counterargument about black markets. When the OP clarifies their position about regulations rather than outright bans, Speaker1 points out the contradiction with the post title. The OP acknowledges the title's misleading nature while defending their actual position. A new speaker enters with an economic perspective, which triggers a brief exchange where Speaker2 challenges this view and Speaker3 questions their stance, leading to defensive responses about the nature of price gouging versus market dynamics.",217468142.0_3_deltaless_thread.xml,4,0
75,request-76,"The original poster presents a controversial view about promiscuity requiring more skill than monogamy, which immediately draws skeptical responses. The first commenter challenges the premise and suggests the poster has internalized toxic ideas about male worth. When pressed for clarification, a second commenter shares personal experience to counter the original claim, leading to a back-and-forth where the original poster remains defensive but shows some openness to reconsidering. The conversation becomes increasingly focused on personal experiences and definitions, with commenters persistently questioning the poster's assumptions while the poster attempts to clarify their position without fully conceding. The overall tone remains civil but skeptical, with the original poster gradually revealing more nuanced views while still defending their core premise.",2076541612.0_3_deltaless_thread.xml,5,0
76,request-77,"Looking at this conversation thread, here's the trajectory summary:

The original poster presents a philosophical argument comparing privacy rights to free speech, which Speaker1 challenges by distinguishing between executive enforcement powers and legislative restrictions. The conversation shifts when the OP reframes their argument to focus on surveillance leading to broader rights erosion, prompting Speaker1 to identify this as a different claim and request clarification on where acceptable data collection becomes harmful. A third speaker enters to defend the OP's comparison by arguing that privacy restrictions also criminalize previously legal actions. Speaker1 questions this claim with a counterexample, but Speaker3 clarifies their point, asserting that both rights function similarly when restricted.",220698466.0_2_deltaless_thread.xml,4,0
77,request-78,"The original poster presents a provocative claim about religious belief, which Speaker1 challenges by requesting clarification and pointing out logical gaps in the reasoning. The original poster attempts to clarify their position, but Speaker1 persistently identifies the same fundamental flaw in the argument. The original poster then tries to defend their view by introducing a new criterion for ""true belief,"" prompting Speaker1 to systematically dismantle this definition by highlighting its philosophical inconsistency and unfalsifiability. Throughout the exchange, Speaker1 maintains a methodical, analytical approach while the original poster struggles to provide adequate justification for their claims.",2242239967.0_10_deltaless_thread.xml,4,0
78,request-79,"The original poster presents a controversial view about lesbian appearance, which Speaker1 immediately challenges with counterexamples and links. When the OP requests more specific data, Speaker1 points out the inherent bias in the OP's observation method while maintaining a patient, educational tone. The OP initially resists by disputing Speaker1's evidence, prompting Speaker1 to highlight the subjective nature of gender presentation. The conversation concludes with the OP conceding that their definitions were flawed, demonstrating a shift from defensive resistance to acknowledgment of the complexity of the issue.",2366753957.0_10_deltaless_thread.xml,4,0
79,request-80,"The original poster presents a controversial view about lesbian appearance, prompting a commenter to offer a counterexample. The poster dismisses this evidence, leading to a back-and-forth where the commenter persistently challenges the dismissal with logical questions. As the conversation progresses, the poster continues to deflect and shift their reasoning when confronted with counterarguments. The commenter maintains patience but shows increasing frustration, eventually pointing out the poster's apparent unwillingness to engage with readily available evidence. The exchange reveals a pattern of the poster moving goalposts rather than addressing the substantive challenges to their view.",2366753957.0_2_deltaless_thread.xml,5,0
80,request-81,"The original poster presents a controversial stance using informal language, which immediately draws critical attention from commenters. The first commenter highlights the problematic terminology with subtle disapproval, prompting a second commenter to make a sarcastic historical reference. A third commenter attempts to neutrally explain the original poster's word choice, but this defense is challenged by the fourth commenter who points out the ease of finding correct terminology. The fifth commenter offers a mild justification for linguistic laziness, while subsequent commenters continue the thread with varying degrees of sarcasm and mockery, maintaining a tone of collective criticism toward the original post's language choices.",2512463257.0_20_deltaless_thread.xml,4,0
81,request-82,"The original poster presents a controversial view about psychology research ethics. The first commenter requests clarification and better quantification of the argument, prompting the original poster to elaborate on their definitions and stance. The third comment seeks further clarification about whether the poster advocates for continuing ethically questionable research. The original poster then moderates their position, suggesting limited human experiments without irreversible damage. A new commenter challenges the premise with evidence that such studies still occur within ethical frameworks. The original poster ultimately shows openness to changing their view, acknowledging their limited knowledge and suggesting media bias affects public awareness of current research.",2547064804.0_2_deltaless_thread.xml,6,0
82,request-83,"The original poster presents a provocative claim about psychology research, which Speaker1 challenges with a dismissive question. The original poster responds by clarifying their concern about media representation, prompting Speaker1 to point out a distinction between media and the field itself. The original poster acknowledges this point while elaborating on their perspective about public awareness and innovation. Speaker1 seeks clarification about the core issue, leading the original poster to concede that their initial view was based on ignorance rather than fact. The conversation shifts from defensive exchanges to mutual understanding, with the original poster ultimately revising their position.",2547064804.0_7_deltaless_thread.xml,5,0
83,request-84,"The original poster presents a controversial view about lesbian stereotypes, attempting to frame it as factual observation rather than prejudice. The first commenter directly challenges both the accuracy of the stereotype and the poster's understanding of it, offering a corrective explanation. Another commenter poses a pointed rhetorical question that exposes the circular logic in the original argument. When the original poster requests evidence, subsequent commenters provide examples that contradict their claims. The original poster responds defensively by rejecting the examples without clear criteria, prompting others to probe deeper into their inconsistent definitions. The conversation reveals the original poster's shifting goalposts and ultimately exposes the flawed reasoning behind their initial claim.",2366753957.0_3_deltaless_thread.xml,6,0
84,request-85,"The original poster presents a proposal that receives immediate agreement from the first commenter, though with a minor caveat about fee transparency. The conversation maintains a collaborative tone as speakers build on each other's points, with Speaker3 offering a compromise that Speaker4 readily accepts. As more participants join, the discussion expands through examples and analogies, with speakers reinforcing rather than challenging the core premise. When Speaker8 raises a practical concern about implementation, the conversation briefly explores edge cases before returning to consensus-building around the original proposal. Throughout the thread, participants demonstrate agreement through shared examples and refinements rather than fundamental disagreements, creating a constructive discussion where each turn adds nuance without generating significant conflict.",2549309201.0_2_deltaless_thread.xml,5,0
85,request-86,"Looking at this conversation thread, here's the trajectory summary:

The original poster raises concerns about Americans claiming ancestral identities, prompting Speaker1 to offer a cultural explanation about American identity formation. Speaker2 challenges this explanation by highlighting how such claims can perpetuate negative stereotypes, which Speaker1 initially dismisses as isolated bad behavior. As Speaker2 provides specific examples to support their argument, the conversation intensifies with both speakers becoming increasingly defensive and accusatory about cultural stereotyping practices. The discussion shifts from the original topic to a heated debate about pejoratives, with both speakers misinterpreting each other's positions until Speaker2 apologizes and they reach a more constructive dialogue about cultural differences.",2676326580.0_8_deltaless_thread.xml,4,0
86,request-87,"The original poster presents a nuanced critique of American cultural identification practices, inviting genuine discussion. The first commenter responds defensively by detailing their personal Scottish connections, seeking validation for their identity claims. The original poster attempts to redirect the conversation back to the broader cultural issues while acknowledging the commenter's personal experience. The commenter perceives this as dismissive and corrects what they see as a mischaracterization, leading to a brief clarification exchange. When prompted to engage more substantively, the commenter finally provides a thoughtful response addressing the original post's concerns about cultural complexity and American identity formation.",2676326580.0_26_deltaless_thread.xml,5,0
87,request-88,"The original poster proposes teaching self-defense techniques to young women as a deterrent against sexual assault. The first commenter challenges this idea, arguing that confidence and physical conditioning matter more than techniques, and suggests non-lethal weapons instead. The second commenter counters by critiquing the reliability of tasers and pepper spray, advocating for firearms as more effective. The third commenter raises concerns about escalation and the psychological burden of using lethal force. The conversation then evolves into a detailed debate about force escalation and appropriate self-defense responses, with the second commenter defending their position through specific scenarios. A final commenter briefly points out a logical inconsistency in the weapon-disarmament argument.",258580368.0_2_deltaless_thread.xml,6,0
88,request-89,"The original poster presents a controversial position that sparks immediate pushback. The first commenter challenges the proposal with practical concerns and a moral counterargument. The original poster responds defensively, requesting justification for the commenter's moral stance while maintaining their position. The commenter elaborates their reasoning while pressing the original poster with pointed questions about forcing unwanted choices. The original poster doubles down with a rigid interpretation of consent, prompting the commenter to identify their fundamental disagreement. The conversation maintains civility despite the contentious topic and opposing viewpoints.",295203779.0_9_deltaless_thread.xml,6,0
89,request-90,"The original poster presents a detailed argument with specific criteria for evaluation. The first commenter offers a factual clarification intended to shift the poster's perspective, but the poster reveals they already knew this information and it actually supports their view. The commenter then questions why the poster is applying certain standards, suggesting an alternative approach. The poster responds defensively, explaining their motivation stems from others' claims and reasserts their position. A fifth speaker intervenes to clarify the nature of the disagreement, suggesting the commenter may be misunderstanding the poster's core argument.",401821196.0_2_deltaless_thread.xml,5,0
90,request-91,"The original poster presents a controversial view advocating for extreme punishments. The first commenter challenges this with an economic argument about supply and demand, warning about potential government overreach. The original poster dismisses these concerns with brief counterexamples and maintains their hardline stance. The conversation escalates as the commenter introduces personal credentials and constitutional arguments, while the original poster becomes increasingly dismissive and authoritarian in their responses. The discussion shifts from policy debate to fundamental disagreements about government power and constitutional values. The tone deteriorates from civil disagreement to ideological opposition, with both parties becoming more entrenched in their positions.",363480636.0_5_deltaless_thread.xml,6,0
91,request-92,"The original poster presents a controversial stance, prompting Speaker1 to challenge with a clarifying question. After a brief clarification, Speaker2 rephrases the challenge more pointedly, leading to a defensive response from the original poster. When pressed for elaboration, the original poster provides justification, which Speaker3 attacks through an aggressive analogy and personal accusations. The original poster responds with an extensive counterargument mixing defense and counterattack, while Speaker3 deflects with sarcasm. The exchange concludes with the original poster's terse affirmation, maintaining their position despite the confrontational dynamics.",363480636.0_2_deltaless_thread.xml,5,0
92,request-93,"The original poster presents a controversial position advocating for extreme punishments. The first commenter partially agrees but points out democratic constraints, prompting the original poster to challenge this limitation. A back-and-forth ensues where the commenter makes claims about drug markets, which the original poster dismisses with demands for better evidence. When evidence is provided, the original poster attempts to reframe the statistics to support their position, leading to accusations of moving goalposts. The conversation becomes increasingly tense as participants dispute the interpretation of data and the scope of the discussion, with a final commenter introducing a counterexample to refute the original premise entirely.",363480636.0_3_deltaless_thread.xml,5,0
93,request-94,"The original poster expresses extreme frustration and despair about humanity, using hyperbolic language to condemn collective human decisions. The first commenter responds with a rational counterargument, attempting to provide perspective and calm the situation. The original poster dismisses this attempt, doubling down on their emotional stance with emphasis on perceived stupidity. A third speaker introduces factual information to support the first commenter's point, while a fourth speaker questions the original poster's historical perspective. The conversation then shifts dramatically when a fifth speaker makes inflammatory generalizations, prompting the first commenter to defend their position more carefully, which leads to an aggressive personal attack from the fifth speaker.",410977978.0_3_deltaless_thread.xml,5,0
94,request-95,"The original poster expresses extreme frustration and disillusionment with humanity, making sweeping generalizations based on specific events. The first commenter challenges the poster's logic with a fact-based rebuttal, pointing out the irony in the poster's reasoning. The original poster responds with a self-deprecating comment that creates confusion. When another commenter seeks clarification about this apparent contradiction, the original poster explains their self-comparison without resolving the tension. A fifth speaker then enters to support the original poster's initial claims about one specific topic, shifting the conversation back to factual debate.",410977978.0_4_deltaless_thread.xml,5,0
95,request-96,"The original poster expresses deep pessimism about democracy and human discourse, seeking reassurance about humanity's capacity for civil dialogue. The first commenter offers a constructive suggestion about local political involvement, which the OP initially responds to with uncertainty and confusion about practical steps. As the commenter persistently clarifies and encourages engagement, the OP gradually shifts from resistance and self-doubt to tentative openness. The conversation maintains a supportive tone throughout, with the commenter patiently addressing each of the OP's concerns. By the end, the OP shows willingness to explore the suggested path forward, though still with some hesitation.",442068628.0_4_deltaless_thread.xml,5,0
96,request-97,"Looking at this conversation thread, here's the trajectory summary:

The original poster presents a controversial view defending a gaming company's practices, comparing them to industry standards. The first commenter challenges this comparison by pointing out a key distinction, prompting a third party to defend the original position. A fourth commenter introduces a different critical angle about consumer fairness, which the original poster attempts to counter with additional examples. The conversation intensifies as commenters persistently challenge the original poster's analogies and justifications, with increasingly pointed rebuttals focusing on specific flaws in the comparison.",444945722.0_1_deltaless_thread.xml,4,0
